{"cameraMode":{"drawMode":2,"name":"Shaded Wireframe","section":"Shading Mode"},"sceneLighting":false,"audioPlay":false,"sceneViewState":{"m_AlwaysRefresh":false,"showFog":true,"showSkybox":false,"showFlares":true,"showImageEffects":true,"showParticleSystems":true,"showVisualEffectGraphs":true,"m_FxEnabled":true},"in2DMode":false,"pivot":{"x":-0.01712644100189209,"y":0.9249999523162842,"z":-0.04284703731536865},"rotation":{"x":0.04971098527312279,"y":-0.7461321949958801,"z":0.05606501176953316,"w":0.6615687608718872},"size":1.3487292528152466,"orthographic":false}