{"cameraMode":{"drawMode":2,"name":"Shaded Wireframe","section":"Shading Mode"},"sceneLighting":false,"audioPlay":false,"sceneViewState":{"m_AlwaysRefresh":false,"showFog":true,"showSkybox":false,"showFlares":true,"showImageEffects":true,"showParticleSystems":true,"showVisualEffectGraphs":true,"m_FxEnabled":true},"in2DMode":false,"pivot":{"x":0.09156513214111328,"y":0.6400001645088196,"z":-0.050261735916137698},"rotation":{"x":0.07736361771821976,"y":-0.7283617854118347,"z":0.08339475840330124,"w":0.6756852865219116},"size":4.218252658843994,"orthographic":false}