{"cameraMode":{"drawMode":0,"name":"Shaded","section":"Shading Mode"},"sceneLighting":false,"audioPlay":false,"sceneViewState":{"m_AlwaysRefresh":false,"showFog":true,"showSkybox":false,"showFlares":true,"showImageEffects":true,"showParticleSystems":true,"showVisualEffectGraphs":true,"m_FxEnabled":true},"in2DMode":false,"pivot":{"x":-0.025696277618408204,"y":0.048956871032714847,"z":-0.04032087326049805},"rotation":{"x":0.2632516622543335,"y":-0.6881939768791199,"z":0.29870179295539858,"w":0.6065189838409424},"size":6.014252662658691,"orthographic":true}