{"cameraMode":{"drawMode":0,"name":"Shaded","section":"Shading Mode"},"sceneLighting":false,"audioPlay":false,"sceneViewState":{"m_AlwaysRefresh":false,"showFog":true,"showSkybox":false,"showFlares":true,"showImageEffects":true,"showParticleSystems":true,"showVisualEffectGraphs":true,"m_FxEnabled":true},"in2DMode":false,"pivot":{"x":0.22920846939086915,"y":-0.10057258605957031,"z":1.2280769348144532},"rotation":{"x":0.2632516622543335,"y":-0.6881939768791199,"z":0.29870179295539858,"w":0.6065189838409424},"size":10.929091453552246,"orthographic":true}