{"cameraMode":{"drawMode":2,"name":"Shaded Wireframe","section":"Shading Mode"},"sceneLighting":false,"audioPlay":false,"sceneViewState":{"m_AlwaysRefresh":false,"showFog":true,"showSkybox":false,"showFlares":true,"showImageEffects":true,"showParticleSystems":true,"showVisualEffectGraphs":true,"m_FxEnabled":true},"in2DMode":false,"pivot":{"x":-0.4533233642578125,"y":1.6296138763427735,"z":-0.030028104782104493},"rotation":{"x":0.07736361771821976,"y":-0.7283617854118347,"z":0.08339475840330124,"w":0.6756852865219116},"size":2.8928449153900148,"orthographic":false}